data_referencia,vencimento,dias_uteis,dias_corridos,taxa_252_pct
2026-09-25,2026-09-28,1,3,13.65
2026-09-25,2026-09-29,2,4,13.65
2026-09-25,2026-09-30,3,5,13.65
2026-09-25,2026-10-01,4,6,13.65
2026-09-25,2026-10-02,5,7,13.65
2026-09-25,2026-10-09,10,14,13.65
2026-09-25,2026-10-14,12,19,13.66
2026-09-25,2026-10-15,13,20,13.66
2026-09-25,2026-10-16,14,21,13.66
2026-09-25,2026-10-19,15,24,13.66
2026-09-25,2026-10-20,16,25,13.66
2026-09-25,2026-10-21,17,26,13.66
2026-09-25,2026-10-26,20,31,13.66
2026-09-25,2026-10-28,22,33,13.66
2026-09-25,2026-10-29,23,34,13.66
2026-09-25,2026-10-30,24,35,13.66
2026-09-25,2026-11-03,25,39,13.66
2026-09-25,2026-11-16,34,52,13.61
2026-09-25,2026-11-17,35,53,13.61
2026-09-25,2026-11-18,36,54,13.61
2026-09-25,2026-11-19,37,55,13.60
2026-09-25,2026-11-24,39,60,13.60
2026-09-25,2026-11-26,41,62,13.59
2026-09-25,2026-11-27,42,63,13.59
2026-09-25,2026-11-30,43,66,13.59
2026-09-25,2026-12-01,44,67,13.58
2026-09-25,2026-12-15,54,81,13.57
2026-09-25,2026-12-16,55,82,13.56
2026-09-25,2026-12-17,56,83,13.56
2026-09-25,2026-12-18,57,84,13.56
2026-09-25,2026-12-24,61,90,13.56
2026-09-25,2026-12-28,62,94,13.55
2026-09-25,2026-12-29,63,95,13.55
2026-09-25,2026-12-30,64,96,13.55
2026-09-25,2027-01-04,66,101,13.55
2026-09-25,2027-01-15,75,112,13.54
2026-09-25,2027-01-18,76,115,13.54
2026-09-25,2027-01-20,78,117,13.54
2026-09-25,2027-01-21,79,118,13.54
2026-09-25,2027-01-25,81,122,13.53
2026-09-25,2027-01-29,85,126,13.53
2026-09-25,2027-02-01,86,129,13.53
2026-09-25,2027-02-12,93,140,13.53
2026-09-25,2027-02-15,94,143,13.53
2026-09-25,2027-02-16,95,144,13.53
2026-09-25,2027-02-17,96,145,13.53
2026-09-25,2027-02-22,99,150,13.54
2026-09-25,2027-02-24,101,152,13.54
2026-09-25,2027-02-25,102,153,13.54
2026-09-25,2027-02-26,103,154,13.54
2026-09-25,2027-03-01,104,157,13.54
2026-09-25,2027-03-15,114,171,13.54
2026-09-25,2027-03-18,117,174,13.54
2026-09-25,2027-03-19,118,175,13.54
2026-09-25,2027-03-22,119,178,13.54
2026-09-25,2027-03-24,121,180,13.54
2026-09-25,2027-03-29,123,185,13.54
2026-09-25,2027-03-31,125,187,13.55
2026-09-25,2027-04-01,126,188,13.55
2026-09-25,2027-04-14,135,201,13.55
2026-09-25,2027-04-16,137,203,13.55
2026-09-25,2027-04-23,141,210,13.55
2026-09-25,2027-04-28,144,215,13.55
2026-09-25,2027-04-29,145,216,13.55
2026-09-25,2027-04-30,146,217,13.55
2026-09-25,2027-05-03,147,220,13.55
2026-09-25,2027-05-17,157,234,13.55
2026-09-25,2027-05-20,160,237,13.56
2026-09-25,2027-05-24,162,241,13.56
2026-09-25,2027-05-31,166,248,13.56
2026-09-25,2027-06-01,167,249,13.56
2026-09-25,2027-06-16,178,264,13.57
2026-09-25,2027-06-18,180,266,13.57
2026-09-25,2027-06-22,182,270,13.57
